{"loss":{"0":0.3426557481,"1":0.232105121,"2":0.1644178182,"3":0.1214242652},"accuracy":{"0":0.8582010269,"1":0.9105597138,"2":0.9380584359,"3":0.9562982917},"val_loss":{"0":0.3157464266,"1":0.3434090912,"2":0.4137017429,"3":0.3999687433},"val_accuracy":{"0":0.8742856979,"1":0.8725000024,"2":0.8249999881,"3":0.8571428657}}