{
  "loss": { "0": 0.3424296975, "1": 0.2286350727 },
  "accuracy": { "0": 0.8559789062, "1": 0.9107911587 },
  "val_loss": { "0": 0.3883101642, "1": 0.3450316191 },
  "val_accuracy": { "0": 0.8460714221, "1": 0.874642849 }
}
