{"loss":{"0":0.3426849544,"1":0.2355257124,"2":0.1653234214},"accuracy":{"0":0.8563029766,"1":0.9087079167,"2":0.9374566078},"val_loss":{"0":0.367208302,"1":0.3114248514,"2":0.3543959558},"val_accuracy":{"0":0.8450000286,"1":0.8778571486,"2":0.8739285469}}