{"loss":{"0":0.3473017514,"1":0.2362955958,"2":0.1728336066},"accuracy":{"0":0.8530160785,"1":0.9080598354,"2":0.9374566078},"val_loss":{"0":0.3384724557,"1":0.321074903,"2":0.3987616897},"val_accuracy":{"0":0.8528571725,"1":0.8667857051,"2":0.8732143044}}