{
  "loss": {
    "0": 0.3565503657,
    "1": 0.2468185276,
    "2": 0.1808663756,
    "3": 0.1398001313
  },
  "accuracy": {
    "0": 0.8482477665,
    "1": 0.9018101096,
    "2": 0.9337530732,
    "3": 0.9520855546
  },
  "val_loss": {
    "0": 0.3262598217,
    "1": 0.4122599959,
    "2": 0.4565801919,
    "3": 0.4016234875
  },
  "val_accuracy": {
    "0": 0.8653571606,
    "1": 0.8153571486,
    "2": 0.8042857051,
    "3": 0.853928566
  }
}
