{"loss":{"0":0.3480553627,"1":0.2468633205},"accuracy":{"0":0.8521827459,"1":0.9025508165},"val_loss":{"0":0.3607385159,"1":0.3407426178},"val_accuracy":{"0":0.8389285803,"1":0.8621428609}}