{"loss":{"0":0.5777153373,"1":0.5969161391,"2":0.5958557725},"accuracy":{"0":0.7297810316,"1":0.7181149125,"2":0.7181149125},"val_loss":{"0":0.5780973434,"1":0.5672358871,"2":0.5677484274},"val_accuracy":{"0":0.7475000024,"1":0.7475000024,"2":0.7475000024}}