{"loss":{"0":0.3772164583,"1":0.5342422724,"2":0.5997473001,"3":0.5978828669},"accuracy":{"0":0.8387111425,"1":0.7456136346,"2":0.7179297209,"3":0.7181149125},"val_loss":{"0":0.3916700482,"1":0.5651192665,"2":0.5686733127,"3":0.5666843653},"val_accuracy":{"0":0.8485714197,"1":0.7475000024,"2":0.7475000024,"3":0.7475000024}}