{"loss":{"0":0.3704951108,"1":0.2772485614},"accuracy":{"0":0.8423684239,"1":0.8911161423},"val_loss":{"0":0.3400377631,"1":0.3179284632},"val_accuracy":{"0":0.8592857122,"1":0.8664285541}}